Changes made at Sat Aug  9 05:58:18 UTC 2025
Changes made at Thu Nov 20 14:24:18 UTC 2025
Changes made at Thu Nov 20 16:27:33 UTC 2025
Changes made at Fri Nov 21 08:29:11 UTC 2025
Changes made at Fri Nov 21 10:21:27 UTC 2025
Changes made at Fri Nov 21 14:20:03 UTC 2025
Changes made at Fri Nov 21 16:26:23 UTC 2025
Changes made at Sat Nov 22 08:25:23 UTC 2025
Changes made at Sat Nov 22 10:19:33 UTC 2025
Changes made at Sat Nov 22 14:17:06 UTC 2025
Changes made at Sat Nov 22 16:23:33 UTC 2025
Changes made at Sun Nov 23 08:25:14 UTC 2025
Changes made at Sun Nov 23 10:19:53 UTC 2025
Changes made at Sun Nov 23 14:17:13 UTC 2025
Changes made at Sun Nov 23 16:23:34 UTC 2025
Changes made at Mon Nov 24 08:30:16 UTC 2025
Changes made at Mon Nov 24 10:24:35 UTC 2025
Changes made at Mon Nov 24 14:21:35 UTC 2025
Changes made at Mon Nov 24 16:23:53 UTC 2025
Changes made at Tue Nov 25 08:29:22 UTC 2025
Changes made at Tue Nov 25 10:25:41 UTC 2025
Changes made at Tue Nov 25 14:21:12 UTC 2025
Changes made at Tue Nov 25 16:28:47 UTC 2025
